Título,Enlace,Descripción
"Home de DesarrolloWeb.com",https://desarrolloweb.com/,"Aprende desarrollo y dise&ntilde;o ...y descubre que ense&ntilde;ar es la mejor manera de aprender. Comenzar! Desarrollo Web. De c&oacute;digo a dise&ntilde;o, de b&aacute;sico a avanzado."
"Desarrollo web - Wikipedia, la enciclopedia libre",https://es.wikipedia.org/wiki/Desarrollo_web,"Desarrollo web es un t&eacute;rmino que define la creaci&oacute;n de sitios web para Internet o una intranet. Para conseguirlo se hace uso de tecnolog&iacute;as de software del&nbsp;..."
"Agencia de desarrollo web - Fullweb",https://www.fullweb.es/desarrollo-web,"Somos tu empresa de desarrollo web En Fullweb desarrollamos p&aacute;ginas web a medida o basadas en plantillas, adapt&aacute;ndonos a tus necesidades y a las de tu&nbsp;..."
"Curso de Introducci&oacute;n al Desarrollo Web: HTML y CSS (1/2 ...",https://learndigital.withgoogle.com/activate/course/web-development-I,"Curso de Introducci&oacute;n al Desarrollo Web: HTML y CSS (1/2). Aprende a crear tus propias p&aacute;ginas web profesionales adaptables a distintos dispositivos de la&nbsp;..."
"Curso Online de Desarrollo Web | Coderhouse",https://www.coderhouse.es/online/desarrollo-web-online,"Anotate en nuestro curso online de Desarrollo Web, y comenz&aacute; a aprender como dise&ntilde;ar una p&aacute;gina web. Capacitate con profesores expertos, aprend&eacute; haciendo."
"Gu&iacute;a completa sobre el Desarrollo Web en 2021 (+ Ejemplos) - Sortlist",https://www.sortlist.es/desarrollo-web,
"Conceptos b&aacute;sicos sobre tecnolog&iacute;as de desarrollo web ...",https://www.ingeniovirtual.com/conceptos-basicos-sobre-tecnologias-de-desarrollo-web/,"Descubre cuales son las tecnolog&iacute;as de desarrollo web m&aacute;s utilizadas para crear sitios y aplicaciones, c&oacute;mo se relacionan, y de qu&eacute; forma interact&uacute;an entre&nbsp;..."
"&iquest;Qu&eacute; es el desarrollo web? - OpenClassrooms ES",https://blog.openclassrooms.com/es/2017/09/11/que-es-el-desarrollo-web/,"Qu&eacute; es el desarrollo web? ... Desarrollo web significa construir y mantener sitios web; es el trabajo que tiene lugar en un segundo plano y que&nbsp;..."
"Aprende Desarrollo web con un bootcamp intensivo | Ironhack",https://www.ironhack.com/es/desarrollo-web,"Convi&eacute;rtete en desarrollador Full Stack, aprende HTML, CSS, React y Javascript. &iexcl;Comienza tu carrera en tech y &uacute;nete a la comunidad de Ironhack!"
"Desarrollo web en el a&ntilde;o 2021 - YouTube",https://www.youtube.com/watch%3Fv%3Dv_VNH6UTgDc,"Suscr&iacute;bete: https://youtube.com/c/VictorRoblesWEB?sub_confirmation=1&#10003; Aprende programaci&oacute;n y ...Duraci&oacute;n: "
